{"score_nas": 0.9938535967059169, "score_amb": 0.0}
{"score_nas": 0.9938535967059169, "score_amb": 0.9876745474652414}
{"score_nas": 0.9489234902787765, "score_amb": 0.0}
{"score_nas": 0.9489234902787765, "score_amb": 0.95297430428131}
